{"cameraMode":{"drawMode":1,"name":"Wireframe","section":"Shading Mode"},"sceneLighting":true,"audioPlay":false,"sceneViewState":{"showFog":true,"showMaterialUpdate":false,"showSkybox":true,"showFlares":true,"showImageEffects":true,"showParticleSystems":true},"in2DMode":false,"pivot":{"x":17.786436080932618,"y":6.062379837036133,"z":60.8936653137207},"rotation":{"x":-0.002812284044921398,"y":-0.9759823083877564,"z":0.2175409495830536,"w":-0.012582240626215935},"size":59.68267822265625,"orthographic":false}